session_id,timestamp_iso,ms_elapsed,event_type,step,condition,target_product_id,clicked_element,click_x,click_y,time_to_first_click_ms,is_unintended_interaction,question_id,question_text,answer_value,is_validation_question,validation_passed,completed
S-2026-2290,2026-05-20T12:46:53.608Z,1,session_start,0,,,,,,,,,,,,,
S-2026-2290,2026-05-20T12:46:57.040Z,3433,page_enter,1,,,,,,,,,,,,,
S-2026-2290,2026-05-20T12:46:57.144Z,3538,task_start,1,standard,1,,,,,,,,,,,
S-2026-2290,2026-05-20T12:46:57.145Z,3538,page_enter,1,standard,1,,,,,,,,,,,
S-2026-2290,2026-05-20T12:47:02.395Z,8788,page_exit,1,standard,1,,,,,,,,,,,
S-2026-2290,2026-05-20T12:47:02.421Z,8815,product_view,1,standard,1,"Wireless Earbuds Pro",,,,,,,,,,
S-2026-2290,2026-05-20T12:47:02.422Z,8815,page_enter,1,standard,1,,,,,,,,,,,
S-2026-2290,2026-05-20T12:47:05.476Z,11869,button_click,1,standard,1,add_to_cart,847,612,3052,0,,,,,,
S-2026-2290,2026-05-20T12:47:05.484Z,11877,task_complete,1,standard,1,add_to_cart,847,612,3052,0,,,,,,1
S-2026-2290,2026-05-20T12:47:05.490Z,11883,page_exit,1,standard,1,,,,,,,,,,,
S-2026-2290,2026-05-20T12:47:07.729Z,14122,page_enter,2,,,,,,,,,,,,,
S-2026-2290,2026-05-20T12:47:07.762Z,14155,task_start,2,,,,,,,,,,,,,
S-2026-2290,2026-05-20T12:47:07.763Z,14156,page_enter,2,,,,,,,,,,,,,
S-2026-2290,2026-05-20T12:47:16.185Z,22578,distraction_click,2,,,"Portable Phone Stand",330,645,,,,,,,,
S-2026-2290,2026-05-20T12:47:16.186Z,22580,page_exit,2,,,,,,,,,,,,,
S-2026-2290,2026-05-20T12:47:17.303Z,23696,page_enter,3,,,,,,,,,,,,,
S-2026-2290,2026-05-20T12:47:17.334Z,23727,task_start,3,standard,2,,,,,,,,,,,
S-2026-2290,2026-05-20T12:47:17.335Z,23728,page_enter,3,standard,2,,,,,,,,,,,
S-2026-2290,2026-05-20T12:47:22.599Z,28992,page_exit,3,standard,2,,,,,,,,,,,
S-2026-2290,2026-05-20T12:47:22.622Z,29016,page_enter,3,standard,2,,,,,,,,,,,
S-2026-2290,2026-05-20T12:47:22.626Z,29019,product_view,3,standard,2,"Water Bottle",,,,,,,,,,
S-2026-2290,2026-05-20T12:47:24.321Z,30714,button_click,3,standard,2,add_to_cart,941,608,1694,0,,,,,,
S-2026-2290,2026-05-20T12:47:24.329Z,30722,task_complete,3,standard,2,add_to_cart,941,608,1694,0,,,,,,1
S-2026-2290,2026-05-20T12:47:24.344Z,30738,page_exit,3,standard,2,,,,,,,,,,,
S-2026-2290,2026-05-20T12:47:25.198Z,31591,page_enter,4,,,,,,,,,,,,,
S-2026-2290,2026-05-20T12:47:25.229Z,31622,task_start,4,,,,,,,,,,,,,
S-2026-2290,2026-05-20T12:47:25.229Z,31623,page_enter,4,,,,,,,,,,,,,
S-2026-2290,2026-05-20T12:47:41.122Z,47516,distraction_click,4,,,"Portable Phone Stand",374,542,,,,,,,,
S-2026-2290,2026-05-20T12:47:41.123Z,47517,page_exit,4,,,,,,,,,,,,,
S-2026-2290,2026-05-20T12:47:42.332Z,48725,page_enter,5,,,,,,,,,,,,,
S-2026-2290,2026-05-20T12:47:42.400Z,48793,task_start,5,modified,3,,,,,,,,,,,
S-2026-2290,2026-05-20T12:47:42.400Z,48793,page_enter,5,modified,3,,,,,,,,,,,
S-2026-2290,2026-05-20T12:47:57.068Z,63461,page_exit,5,modified,3,,,,,,,,,,,
S-2026-2290,2026-05-20T12:47:57.092Z,63485,page_enter,5,modified,3,,,,,,,,,,,
S-2026-2290,2026-05-20T12:47:57.097Z,63490,product_view,5,modified,3,"Running Shoes X200",,,,,,,,,,
S-2026-2290,2026-05-20T12:47:58.837Z,65230,button_click,5,modified,3,buy_now,989,600,1748,1,,,,,,
S-2026-2290,2026-05-20T12:47:58.845Z,65238,task_complete,5,modified,3,buy_now,989,600,1748,1,,,,,,1
S-2026-2290,2026-05-20T12:47:58.850Z,65243,page_exit,5,modified,3,,,,,,,,,,,
S-2026-2290,2026-05-20T12:47:59.781Z,66174,page_enter,6,,,,,,,,,,,,,
S-2026-2290,2026-05-20T12:47:59.807Z,66200,page_enter,6,,,,,,,,,,,,,
S-2026-2290,2026-05-20T12:48:10.960Z,77353,page_enter,6,,,,,,,,,,,,,
S-2026-2290,2026-05-20T12:48:27.319Z,93712,survey_response,6,,,,,,,,Q9,"Voor kwaliteitscontrole selecteer ""Nooit"" voor deze vraag: hoe vaak retourneer je gekochte artikelen naar een online winkel?",1,1,1,
S-2026-2290,2026-05-20T12:48:27.319Z,93713,survey_response,6,,,,,,,,D1,"Welk van de volgende producten was het goedkoopst in de webshoop die je zojuist hebt bekeken?",d,1,1,
S-2026-2290,2026-05-20T12:48:27.319Z,93713,survey_response,6,,,,,,,,D2,"Hoeveel klantbeoordelingen had het meest beoordeelde product in de winkel ongeveer?",d,1,1,
S-2026-2290,2026-05-20T12:48:27.320Z,93714,page_exit,6,,,,,,,,,,,,,
S-2026-2290,2026-05-20T12:48:28.591Z,94985,page_enter,7,,,,,,,,,,,,,
S-2026-2290,2026-05-20T12:48:28.660Z,95054,task_start,7,modified,4,,,,,,,,,,,
S-2026-2290,2026-05-20T12:48:28.661Z,95054,page_enter,7,modified,4,,,,,,,,,,,
S-2026-2290,2026-05-20T12:48:30.219Z,96612,page_exit,7,modified,4,,,,,,,,,,,
S-2026-2290,2026-05-20T12:48:30.254Z,96647,product_view,7,modified,4,"Bamboo Desk Organizer",,,,,,,,,,
S-2026-2290,2026-05-20T12:48:30.255Z,96648,page_enter,7,modified,4,,,,,,,,,,,
S-2026-2290,2026-05-20T12:48:32.773Z,99166,button_click,7,modified,4,add_to_cart,1094,465,2526,0,,,,,,
S-2026-2290,2026-05-20T12:48:32.782Z,99175,task_complete,7,modified,4,add_to_cart,1094,465,2526,0,,,,,,1
S-2026-2290,2026-05-20T12:48:32.790Z,99183,page_exit,7,modified,4,,,,,,,,,,,
S-2026-2290,2026-05-20T12:48:32.810Z,99203,session_complete,8,,,,,,,,,,,,,1
S-2026-2290,2026-05-20T12:48:32.810Z,99203,page_enter,8,,,,,,,,,,,,,
S-2026-2290,2026-05-20T12:48:32.835Z,99228,page_enter,8,,,,,,,,,,,,,
S-2026-2290,2026-05-20T12:48:41.586Z,107979,page_enter,8,,,,,,,,,,,,,
S-2026-2290,2026-05-20T12:50:32.054Z,218447,page_enter,8,,,,,,,,,,,,,
S-2026-5746,2026-05-20T12:50:44.601Z,0,session_start,0,,,,,,,,,,,,,
S-2026-5746,2026-05-20T12:50:45.521Z,920,page_enter,1,,,,,,,,,,,,,
S-2026-5746,2026-05-20T12:50:45.554Z,953,task_start,1,standard,1,,,,,,,,,,,
S-2026-5746,2026-05-20T12:50:45.554Z,953,page_enter,1,standard,1,,,,,,,,,,,
S-2026-5746,2026-05-20T12:50:46.525Z,1924,page_exit,1,standard,1,,,,,,,,,,,
S-2026-5746,2026-05-20T12:50:46.552Z,1951,product_view,1,standard,1,"Wireless Earbuds Pro",,,,,,,,,,
S-2026-5746,2026-05-20T12:50:46.554Z,1953,page_enter,1,standard,1,,,,,,,,,,,
S-2026-5746,2026-05-20T12:50:47.389Z,2788,button_click,1,standard,1,add_to_cart,919,606,838,0,,,,,,
S-2026-5746,2026-05-20T12:50:47.397Z,2796,task_complete,1,standard,1,add_to_cart,919,606,838,0,,,,,,1
S-2026-5746,2026-05-20T12:50:47.405Z,2804,page_exit,1,standard,1,,,,,,,,,,,
S-2026-5746,2026-05-20T12:50:48.163Z,3562,page_enter,2,,,,,,,,,,,,,
S-2026-5746,2026-05-20T12:50:48.196Z,3595,task_start,2,,,,,,,,,,,,,
S-2026-5746,2026-05-20T12:50:48.197Z,3595,page_enter,2,,,,,,,,,,,,,
S-2026-5746,2026-05-20T12:50:48.672Z,4071,distraction_click,2,,,"Water Bottle",637,481,,,,,,,,
S-2026-5746,2026-05-20T12:50:48.673Z,4072,page_exit,2,,,,,,,,,,,,,
S-2026-5746,2026-05-20T12:50:49.286Z,4685,page_enter,3,,,,,,,,,,,,,
S-2026-5746,2026-05-20T12:50:49.317Z,4715,task_start,3,standard,2,,,,,,,,,,,
S-2026-5746,2026-05-20T12:50:49.317Z,4716,page_enter,3,standard,2,,,,,,,,,,,
S-2026-5746,2026-05-20T12:50:49.851Z,5250,page_exit,3,standard,2,,,,,,,,,,,
S-2026-5746,2026-05-20T12:50:49.871Z,5270,page_enter,3,standard,2,,,,,,,,,,,
S-2026-5746,2026-05-20T12:50:49.872Z,5270,product_view,3,standard,2,"Running Shoes X200",,,,,,,,,,
S-2026-5746,2026-05-20T12:50:50.538Z,5936,button_click,3,standard,2,add_to_cart,850,604,662,,,,,,,
S-2026-5746,2026-05-20T12:50:51.518Z,6917,page_exit,3,standard,2,,,,,,,,,,,
S-2026-5746,2026-05-20T12:50:51.556Z,6955,page_enter,3,standard,2,,,,,,,,,,,
S-2026-5746,2026-05-20T12:50:52.430Z,7829,page_exit,3,standard,2,,,,,,,,,,,
S-2026-5746,2026-05-20T12:50:52.451Z,7850,product_view,3,standard,2,"Water Bottle",,,,,,,,,,
S-2026-5746,2026-05-20T12:50:52.452Z,7851,page_enter,3,standard,2,,,,,,,,,,,
S-2026-5746,2026-05-20T12:50:53.069Z,8468,button_click,3,standard,2,add_to_cart,981,606,615,0,,,,,,
S-2026-5746,2026-05-20T12:50:53.077Z,8476,task_complete,3,standard,2,add_to_cart,981,606,615,0,,,,,,1
S-2026-5746,2026-05-20T12:50:53.085Z,8484,page_exit,3,standard,2,,,,,,,,,,,
S-2026-5746,2026-05-20T12:50:53.644Z,9043,page_enter,4,,,,,,,,,,,,,
S-2026-5746,2026-05-20T12:50:53.697Z,9096,task_start,4,,,,,,,,,,,,,
S-2026-5746,2026-05-20T12:50:53.700Z,9099,page_enter,4,,,,,,,,,,,,,
S-2026-5746,2026-05-20T12:50:55.244Z,10643,distraction_click,4,,,"Running Shoes X200",887,472,,,,,,,,
S-2026-5746,2026-05-20T12:50:55.246Z,10645,page_exit,4,,,,,,,,,,,,,
S-2026-5746,2026-05-20T12:50:55.792Z,11191,page_enter,5,,,,,,,,,,,,,
S-2026-5746,2026-05-20T12:50:55.823Z,11222,task_start,5,modified,3,,,,,,,,,,,
S-2026-5746,2026-05-20T12:50:55.823Z,11222,page_enter,5,modified,3,,,,,,,,,,,
S-2026-5746,2026-05-20T12:50:57.018Z,12417,page_exit,5,modified,3,,,,,,,,,,,
S-2026-5746,2026-05-20T12:50:57.041Z,12439,page_enter,5,modified,3,,,,,,,,,,,
S-2026-5746,2026-05-20T12:50:57.041Z,12440,product_view,5,modified,3,"Running Shoes X200",,,,,,,,,,
S-2026-5746,2026-05-20T12:50:57.948Z,13347,button_click,5,modified,3,buy_now,931,600,903,1,,,,,,
S-2026-5746,2026-05-20T12:50:57.957Z,13356,task_complete,5,modified,3,buy_now,931,600,903,1,,,,,,1
S-2026-5746,2026-05-20T12:50:57.964Z,13363,page_exit,5,modified,3,,,,,,,,,,,
S-2026-5746,2026-05-20T12:50:58.977Z,14376,page_enter,6,,,,,,,,,,,,,
S-2026-5746,2026-05-20T12:50:58.999Z,14397,page_enter,6,,,,,,,,,,,,,
S-2026-5746,2026-05-20T12:51:03.198Z,18597,survey_response,6,,,,,,,,Q9,"For quality control purposes, please select ""Never"" for this item. How often do you return purchased items to an online store?",5,1,0,
S-2026-5746,2026-05-20T12:51:03.199Z,18598,survey_response,6,,,,,,,,D1,"Which of the following products was the cheapest in the online store you just browsed?",c,1,0,
S-2026-5746,2026-05-20T12:51:03.199Z,18598,survey_response,6,,,,,,,,D2,"Approximately how many customer reviews did the most-reviewed product in the store have?",a,1,0,
S-2026-5746,2026-05-20T12:51:03.199Z,18598,page_exit,6,,,,,,,,,,,,,
S-2026-5746,2026-05-20T12:51:03.918Z,19316,page_enter,7,,,,,,,,,,,,,
S-2026-5746,2026-05-20T12:51:03.973Z,19372,task_start,7,modified,4,,,,,,,,,,,
S-2026-5746,2026-05-20T12:51:03.974Z,19373,page_enter,7,modified,4,,,,,,,,,,,
S-2026-5746,2026-05-20T12:51:04.705Z,20104,page_exit,7,modified,4,,,,,,,,,,,
S-2026-5746,2026-05-20T12:51:04.725Z,20123,page_enter,7,modified,4,,,,,,,,,,,
S-2026-5746,2026-05-20T12:51:04.725Z,20124,product_view,7,modified,4,"Running Shoes X200",,,,,,,,,,
S-2026-5746,2026-05-20T12:51:05.466Z,20864,button_click,7,modified,4,buy_now,965,633,737,,,,,,,
S-2026-5746,2026-05-20T12:51:06.713Z,22112,page_exit,7,modified,4,,,,,,,,,,,
S-2026-5746,2026-05-20T12:51:06.747Z,22146,page_enter,7,modified,4,,,,,,,,,,,
S-2026-5746,2026-05-20T12:51:07.432Z,22831,page_exit,7,modified,4,,,,,,,,,,,
S-2026-5746,2026-05-20T12:51:07.461Z,22860,page_enter,7,modified,4,,,,,,,,,,,
S-2026-5746,2026-05-20T12:51:07.465Z,22863,product_view,7,modified,4,"Bamboo Desk Organizer",,,,,,,,,,
S-2026-5746,2026-05-20T12:51:08.194Z,23593,button_click,7,modified,4,buy_now,1003,600,738,1,,,,,,
S-2026-5746,2026-05-20T12:51:08.203Z,23601,task_complete,7,modified,4,buy_now,1003,600,738,1,,,,,,1
S-2026-5746,2026-05-20T12:51:08.212Z,23610,page_exit,7,modified,4,,,,,,,,,,,
S-2026-5746,2026-05-20T12:51:08.227Z,23626,session_complete,8,,,,,,,,,,,,,1
S-2026-5746,2026-05-20T12:51:08.227Z,23626,page_enter,8,,,,,,,,,,,,,
S-2026-5746,2026-05-20T12:51:08.246Z,23645,page_enter,8,,,,,,,,,,,,,
S-2026-5746,2026-05-20T12:59:20.481Z,515879,page_enter,8,,,,,,,,,,,,,
S-2026-5746,2026-05-20T13:03:30.268Z,765666,page_enter,8,,,,,,,,,,,,,
S-2026-5746,2026-05-20T13:03:38.871Z,774270,page_enter,8,,,,,,,,,,,,,
S-2026-5746,2026-05-20T13:03:47.518Z,782917,page_enter,8,,,,,,,,,,,,,
S-2026-5205,2026-05-20T13:11:39.562Z,1,session_start,0,,,,,,,,,,,,,
S-2026-5205,2026-05-20T13:11:44.664Z,5103,page_enter,1,,,,,,,,,,,,,
S-2026-5205,2026-05-20T13:11:44.769Z,5208,task_start,1,standard,1,,,,,,,,,,,
S-2026-5205,2026-05-20T13:11:44.777Z,5216,page_enter,1,standard,1,,,,,,,,,,,
S-2026-5205,2026-05-20T13:12:43.638Z,64077,page_exit,1,standard,1,,,,,,,,,,,
S-2026-5205,2026-05-20T13:12:44.012Z,64452,page_enter,1,standard,1,,,,,,,,,,,
S-2026-5205,2026-05-20T13:12:49.259Z,69698,page_exit,1,standard,1,,,,,,,,,,,
S-2026-5205,2026-05-20T13:12:49.604Z,70043,page_enter,1,standard,1,,,,,,,,,,,
S-2026-5205,2026-05-20T13:13:31.233Z,111673,page_exit,1,standard,1,,,,,,,,,,,
S-2026-5205,2026-05-20T13:13:31.291Z,111731,page_enter,1,standard,1,,,,,,,,,,,
S-2026-5205,2026-05-20T13:13:31.292Z,111732,product_view,1,standard,1,"Water Bottle",,,,,,,,,,
S-2026-5205,2026-05-20T13:13:32.700Z,113140,button_click,1,standard,1,add_to_cart,1160,623,1413,,,,,,,
S-2026-5205,2026-05-20T13:13:33.893Z,114332,button_click,1,standard,1,buy_now,1168,681,2605,,,,,,,
S-2026-5205,2026-05-20T13:13:34.525Z,114964,button_click,1,standard,1,add_to_cart,1168,625,3237,,,,,,,
S-2026-5205,2026-05-20T13:13:34.976Z,115415,button_click,1,standard,1,buy_now,1165,673,3689,,,,,,,
S-2026-5205,2026-05-20T13:13:38.986Z,119425,page_exit,1,standard,1,,,,,,,,,,,
S-2026-5205,2026-05-20T13:13:39.077Z,119516,page_enter,1,standard,1,,,,,,,,,,,
S-2026-5205,2026-05-20T13:13:40.355Z,120795,page_exit,1,standard,1,,,,,,,,,,,
S-2026-5205,2026-05-20T13:13:40.380Z,120819,page_enter,1,standard,1,,,,,,,,,,,
S-2026-5205,2026-05-20T13:13:40.382Z,120821,product_view,1,standard,1,"Wireless Earbuds Pro",,,,,,,,,,
S-2026-5205,2026-05-20T13:13:43.349Z,123789,button_click,1,standard,1,add_to_cart,1216,617,2971,0,,,,,,
S-2026-5205,2026-05-20T13:13:43.358Z,123797,task_complete,1,standard,1,add_to_cart,1216,617,2971,0,,,,,,1
S-2026-5205,2026-05-20T13:13:43.363Z,123802,page_exit,1,standard,1,,,,,,,,,,,
S-2026-5205,2026-05-20T13:13:56.312Z,136752,page_enter,2,,,,,,,,,,,,,
S-2026-5205,2026-05-20T13:13:56.430Z,136870,task_start,2,,,,,,,,,,,,,
S-2026-5205,2026-05-20T13:13:56.432Z,136871,page_enter,2,,,,,,,,,,,,,
S-2026-5205,2026-05-20T13:15:23.484Z,223924,distraction_click,2,,,"Resistance Bands Set",1397,497,,,,,,,,
S-2026-5205,2026-05-20T13:15:23.486Z,223926,page_exit,2,,,,,,,,,,,,,
S-2026-5205,2026-05-20T13:15:26.774Z,227213,page_enter,3,,,,,,,,,,,,,
S-2026-5205,2026-05-20T13:15:26.810Z,227249,task_start,3,standard,2,,,,,,,,,,,
S-2026-5205,2026-05-20T13:15:26.811Z,227250,page_enter,3,standard,2,,,,,,,,,,,
S-2026-5205,2026-05-20T13:16:03.501Z,263941,page_exit,3,standard,2,,,,,,,,,,,
S-2026-5205,2026-05-20T13:16:03.544Z,263983,page_enter,3,standard,2,,,,,,,,,,,
S-2026-5205,2026-05-20T13:16:03.545Z,263984,product_view,3,standard,2,"Water Bottle",,,,,,,,,,
S-2026-5205,2026-05-20T13:16:16.586Z,277025,button_click,3,standard,2,buy_now,1245,683,13043,1,,,,,,
S-2026-5205,2026-05-20T13:16:16.593Z,277032,task_complete,3,standard,2,buy_now,1245,683,13043,1,,,,,,1
S-2026-5205,2026-05-20T13:16:16.598Z,277038,page_exit,3,standard,2,,,,,,,,,,,
S-2026-5205,2026-05-20T13:16:26.911Z,287350,page_enter,4,,,,,,,,,,,,,
S-2026-5205,2026-05-20T13:16:27.043Z,287482,task_start,4,,,,,,,,,,,,,
S-2026-5205,2026-05-20T13:16:27.044Z,287483,page_enter,4,,,,,,,,,,,,,
S-2026-5205,2026-05-20T13:16:42.861Z,303300,distraction_click,4,,,"Portable Phone Stand",519,771,,,,,,,,
S-2026-5205,2026-05-20T13:16:42.863Z,303302,page_exit,4,,,,,,,,,,,,,
S-2026-5205,2026-05-20T13:16:49.413Z,309853,page_enter,5,,,,,,,,,,,,,
S-2026-5205,2026-05-20T13:16:49.497Z,309937,task_start,5,modified,3,,,,,,,,,,,
S-2026-5205,2026-05-20T13:16:49.510Z,309949,page_enter,5,modified,3,,,,,,,,,,,
S-2026-5205,2026-05-20T13:16:54.443Z,314883,page_exit,5,modified,3,,,,,,,,,,,
S-2026-5205,2026-05-20T13:16:54.465Z,314905,page_enter,5,modified,3,,,,,,,,,,,
S-2026-5205,2026-05-20T13:16:54.468Z,314907,product_view,5,modified,3,"Running Shoes X200",,,,,,,,,,
S-2026-5205,2026-05-20T13:19:10.655Z,451094,button_click,5,modified,3,add_to_cart,1248,685,136128,0,,,,,,
S-2026-5205,2026-05-20T13:19:10.665Z,451105,task_complete,5,modified,3,add_to_cart,1248,685,136128,0,,,,,,1
S-2026-5205,2026-05-20T13:19:10.673Z,451112,page_exit,5,modified,3,,,,,,,,,,,
S-2026-5205,2026-05-20T13:19:12.447Z,452886,page_enter,6,,,,,,,,,,,,,
S-2026-5205,2026-05-20T13:19:12.488Z,452927,page_enter,6,,,,,,,,,,,,,
S-2026-5205,2026-05-20T13:22:40.018Z,660457,survey_response,6,,,,,,,,Q9,"For quality control purposes, please select ""Never"" for this item. How often do you return purchased items to an online store?",1,1,1,
S-2026-5205,2026-05-20T13:22:40.019Z,660458,survey_response,6,,,,,,,,D1,"Which of the following products was the cheapest in the online store you just browsed?",b,1,0,
S-2026-5205,2026-05-20T13:22:40.019Z,660458,survey_response,6,,,,,,,,D2,"Approximately how many customer reviews did the most-reviewed product in the store have?",c,1,0,
S-2026-5205,2026-05-20T13:22:40.019Z,660458,page_exit,6,,,,,,,,,,,,,
S-2026-5205,2026-05-20T13:22:41.553Z,661992,page_enter,7,,,,,,,,,,,,,
S-2026-5205,2026-05-20T13:22:41.648Z,662088,task_start,7,modified,4,,,,,,,,,,,
S-2026-5205,2026-05-20T13:22:41.651Z,662090,page_enter,7,modified,4,,,,,,,,,,,
S-2026-5205,2026-05-20T13:22:43.856Z,664296,page_exit,7,modified,4,,,,,,,,,,,
S-2026-5205,2026-05-20T13:22:43.889Z,664328,product_view,7,modified,4,"Bamboo Desk Organizer",,,,,,,,,,
S-2026-5205,2026-05-20T13:22:43.891Z,664331,page_enter,7,modified,4,,,,,,,,,,,
S-2026-5205,2026-05-20T13:22:50.382Z,670821,button_click,7,modified,4,buy_now,1230,627,6490,1,,,,,,
S-2026-5205,2026-05-20T13:22:50.388Z,670828,task_complete,7,modified,4,buy_now,1230,627,6490,1,,,,,,1
S-2026-5205,2026-05-20T13:22:50.394Z,670833,page_exit,7,modified,4,,,,,,,,,,,
S-2026-5205,2026-05-20T13:22:50.407Z,670846,session_complete,8,,,,,,,,,,,,,1
S-2026-5205,2026-05-20T13:22:50.407Z,670847,page_enter,8,,,,,,,,,,,,,
S-2026-5205,2026-05-20T13:22:50.430Z,670869,page_enter,8,,,,,,,,,,,,,
S-2026-8469,2026-05-20T13:23:45.918Z,0,session_start,0,,,,,,,,,,,,,
S-2026-8469,2026-05-20T13:23:47.848Z,1931,page_enter,1,,,,,,,,,,,,,
S-2026-8469,2026-05-20T13:23:47.879Z,1961,task_start,1,standard,1,,,,,,,,,,,
S-2026-8469,2026-05-20T13:23:47.879Z,1962,page_enter,1,standard,1,,,,,,,,,,,
S-2026-8469,2026-05-20T13:23:52.930Z,7013,page_exit,1,standard,1,,,,,,,,,,,
S-2026-8469,2026-05-20T13:23:52.969Z,7051,product_view,1,standard,1,"Wireless Earbuds Pro",,,,,,,,,,
S-2026-8469,2026-05-20T13:23:52.970Z,7052,page_enter,1,standard,1,,,,,,,,,,,
S-2026-8469,2026-05-20T13:33:27.326Z,581409,page_enter,1,standard,1,,,,,,,,,,,
S-2026-8469,2026-05-20T13:33:27.328Z,581410,product_view,1,standard,1,"Wireless Earbuds Pro",,,,,,,,,,
S-2026-8469,2026-05-20T13:33:32.726Z,586808,page_enter,1,standard,1,,,,,,,,,,,
S-2026-8469,2026-05-20T13:33:32.726Z,586809,product_view,1,standard,1,"Wireless Earbuds Pro",,,,,,,,,,
S-2026-8469,2026-05-23T13:44:45.979Z,260460061,product_view,1,standard,1,"Wireless Earbuds Pro",,,,,,,,,,
S-2026-8469,2026-05-23T13:44:45.980Z,260460063,page_enter,1,standard,1,,,,,,,,,,,
S-2026-8469,2026-05-23T13:44:51.394Z,260465476,button_click,1,standard,1,add_to_cart,944,413,5417,0,,,,,,
S-2026-8469,2026-05-23T13:44:51.397Z,260465479,task_complete,1,standard,1,add_to_cart,944,413,5417,0,,,,,,1
S-2026-8469,2026-05-23T13:44:51.402Z,260465484,page_exit,1,standard,1,,,,,,,,,,,
S-2026-8469,2026-05-23T13:44:52.379Z,260466461,page_enter,2,,,,,,,,,,,,,
S-2026-8469,2026-05-23T13:44:52.413Z,260466495,task_start,2,,,,,,,,,,,,,
S-2026-8469,2026-05-23T13:44:52.413Z,260466496,page_enter,2,,,,,,,,,,,,,
S-2026-8469,2026-05-23T13:44:53.362Z,260467445,distraction_click,2,,,"Water Bottle",711,493,,,,,,,,
S-2026-8469,2026-05-23T13:44:53.364Z,260467446,page_exit,2,,,,,,,,,,,,,
S-2026-8469,2026-05-23T13:44:53.975Z,260468058,page_enter,3,,,,,,,,,,,,,
S-2026-8469,2026-05-23T13:44:54.006Z,260468089,task_start,3,standard,2,,,,,,,,,,,
S-2026-8469,2026-05-23T13:44:54.007Z,260468089,page_enter,3,standard,2,,,,,,,,,,,
S-2026-8469,2026-05-23T13:44:54.589Z,260468671,page_exit,3,standard,2,,,,,,,,,,,
S-2026-8469,2026-05-23T13:44:54.611Z,260468694,page_enter,3,standard,2,,,,,,,,,,,
S-2026-8469,2026-05-23T13:44:54.612Z,260468694,product_view,3,standard,2,"Running Shoes X200",,,,,,,,,,
S-2026-8469,2026-05-23T13:44:55.321Z,260469403,button_click,3,standard,2,add_to_cart,896,629,710,,,,,,,
S-2026-8469,2026-05-23T13:44:56.613Z,260470695,page_exit,3,standard,2,,,,,,,,,,,
S-2026-8469,2026-05-23T13:44:56.642Z,260470725,page_enter,3,standard,2,,,,,,,,,,,
S-2026-8469,2026-05-23T13:44:57.158Z,260471241,page_exit,3,standard,2,,,,,,,,,,,
S-2026-8469,2026-05-23T13:44:57.186Z,260471268,product_view,3,standard,2,"Water Bottle",,,,,,,,,,
S-2026-8469,2026-05-23T13:44:57.187Z,260471269,page_enter,3,standard,2,,,,,,,,,,,
S-2026-8469,2026-05-23T13:44:57.876Z,260471958,button_click,3,standard,2,add_to_cart,904,611,689,0,,,,,,
S-2026-8469,2026-05-23T13:44:57.887Z,260471969,task_complete,3,standard,2,add_to_cart,904,611,689,0,,,,,,1
S-2026-8469,2026-05-23T13:44:57.895Z,260471977,page_exit,3,standard,2,,,,,,,,,,,
S-2026-8469,2026-05-23T13:44:58.575Z,260472658,page_enter,4,,,,,,,,,,,,,
S-2026-8469,2026-05-23T13:44:58.606Z,260472688,task_start,4,,,,,,,,,,,,,
S-2026-8469,2026-05-23T13:44:58.606Z,260472689,page_enter,4,,,,,,,,,,,,,
S-2026-8469,2026-05-23T13:45:01.017Z,260475099,distraction_click,4,,,"Running Shoes X200",988,540,,,,,,,,
S-2026-8469,2026-05-23T13:45:01.018Z,260475101,page_exit,4,,,,,,,,,,,,,
S-2026-8469,2026-05-23T13:45:01.674Z,260475756,page_enter,5,,,,,,,,,,,,,
S-2026-8469,2026-05-23T13:45:01.713Z,260475795,task_start,5,modified,3,,,,,,,,,,,
S-2026-8469,2026-05-23T13:45:01.714Z,260475796,page_enter,5,modified,3,,,,,,,,,,,
S-2026-8469,2026-05-23T13:45:02.959Z,260477041,page_exit,5,modified,3,,,,,,,,,,,
S-2026-8469,2026-05-23T13:45:02.985Z,260477067,product_view,5,modified,3,"Running Shoes X200",,,,,,,,,,
S-2026-8469,2026-05-23T13:45:02.986Z,260477068,page_enter,5,modified,3,,,,,,,,,,,
S-2026-8469,2026-05-23T13:45:08.088Z,260482170,button_click,5,modified,3,buy_now,983,489,5098,1,,,,,,
S-2026-8469,2026-05-23T13:45:08.095Z,260482177,task_complete,5,modified,3,buy_now,983,489,5098,1,,,,,,1
S-2026-8469,2026-05-23T13:45:08.100Z,260482183,page_exit,5,modified,3,,,,,,,,,,,
S-2026-8469,2026-05-23T13:45:08.767Z,260482849,page_enter,6,,,,,,,,,,,,,
S-2026-8469,2026-05-23T13:45:08.800Z,260482882,page_enter,6,,,,,,,,,,,,,
S-2026-8469,2026-05-23T13:45:12.479Z,260486562,survey_response,6,,,,,,,,Q9,"For quality control purposes, please select ""Never"" for this item. How often do you return purchased items to an online store?",1,1,1,
S-2026-8469,2026-05-23T13:45:12.480Z,260486563,survey_response,6,,,,,,,,D1,"Which of the following products was the cheapest in the online store you just browsed?",a,1,0,
S-2026-8469,2026-05-23T13:45:12.481Z,260486563,survey_response,6,,,,,,,,D2,"Approximately how many customer reviews did the most-reviewed product in the store have?",d,1,1,
S-2026-8469,2026-05-23T13:45:12.481Z,260486563,page_exit,6,,,,,,,,,,,,,
S-2026-8469,2026-05-23T13:45:13.201Z,260487283,page_enter,7,,,,,,,,,,,,,
S-2026-8469,2026-05-23T13:45:13.234Z,260487316,task_start,7,modified,4,,,,,,,,,,,
S-2026-8469,2026-05-23T13:45:13.235Z,260487317,page_enter,7,modified,4,,,,,,,,,,,
S-2026-8469,2026-05-23T13:45:17.505Z,260491588,page_exit,7,modified,4,,,,,,,,,,,
S-2026-8469,2026-05-23T13:45:17.528Z,260491611,product_view,7,modified,4,"Bamboo Desk Organizer",,,,,,,,,,
S-2026-8469,2026-05-23T13:45:17.530Z,260491612,page_enter,7,modified,4,,,,,,,,,,,
S-2026-8469,2026-05-23T13:45:18.560Z,260492642,button_click,7,modified,4,buy_now,910,607,1027,1,,,,,,
S-2026-8469,2026-05-23T13:45:18.568Z,260492650,task_complete,7,modified,4,buy_now,910,607,1027,1,,,,,,1
S-2026-8469,2026-05-23T13:45:18.575Z,260492657,page_exit,7,modified,4,,,,,,,,,,,
S-2026-8469,2026-05-23T13:45:18.594Z,260492676,session_complete,8,,,,,,,,,,,,,1
S-2026-8469,2026-05-23T13:45:18.594Z,260492677,page_enter,8,,,,,,,,,,,,,
S-2026-8469,2026-05-23T13:45:18.645Z,260492727,page_enter,8,,,,,,,,,,,,,
S-2026-8469,2026-05-23T13:51:41.420Z,260875502,page_enter,8,,,,,,,,,,,,,
S-2026-8469,2026-05-23T13:51:44.450Z,260878532,page_enter,8,,,,,,,,,,,,,
S-2026-8469,2026-05-23T13:57:17.981Z,261212063,page_enter,8,,,,,,,,,,,,,
S-2026-9131,2026-05-31T11:28:15.854Z,1,session_start,0,,,,,,,,,,,,,
S-2026-9131,2026-05-31T11:28:16.830Z,976,page_enter,1,,,,,,,,,,,,,
S-2026-9131,2026-05-31T11:28:16.970Z,1117,task_start,1,standard,1,,,,,,,,,,,
S-2026-9131,2026-05-31T11:28:16.970Z,1117,page_enter,1,standard,1,,,,,,,,,,,
S-2026-9131,2026-05-31T11:33:16.839Z,300986,page_enter,1,standard,1,,,,,,,,,,,
S-2026-9131,2026-05-31T11:35:57.940Z,462087,page_exit,1,standard,1,,,,,,,,,,,
S-2026-9131,2026-05-31T11:35:58.098Z,462245,page_enter,1,standard,1,,,,,,,,,,,
S-2026-9131,2026-05-31T11:39:12.390Z,656537,page_exit,1,standard,1,,,,,,,,,,,
S-2026-9131,2026-05-31T11:39:12.830Z,656976,page_enter,1,standard,1,,,,,,,,,,,
S-2026-9131,2026-05-31T11:42:47.922Z,872069,page_exit,1,standard,1,,,,,,,,,,,
S-2026-9131,2026-05-31T11:42:48.010Z,872157,page_enter,1,standard,1,,,,,,,,,,,
S-2026-9131,2026-05-31T11:43:17.883Z,902030,page_exit,1,standard,1,,,,,,,,,,,
S-2026-9131,2026-05-31T11:43:18.006Z,902153,page_enter,1,standard,1,,,,,,,,,,,
S-2026-9131,2026-05-31T11:50:03.670Z,1307817,page_exit,1,standard,1,,,,,,,,,,,
S-2026-9131,2026-05-31T11:50:04.144Z,1308291,page_enter,1,standard,1,,,,,,,,,,,
S-2026-9131,2026-05-31T11:57:44.767Z,1768914,page_exit,1,standard,1,,,,,,,,,,,
S-2026-9131,2026-05-31T11:57:45.313Z,1769459,page_enter,1,standard,1,,,,,,,,,,,
S-2026-9131,2026-05-31T12:00:22.487Z,1926634,page_exit,1,standard,1,,,,,,,,,,,
S-2026-9131,2026-05-31T12:00:22.874Z,1927020,page_enter,1,standard,1,,,,,,,,,,,
S-2026-9131,2026-05-31T12:00:32.128Z,1936275,page_exit,1,standard,1,,,,,,,,,,,
S-2026-9131,2026-05-31T12:00:32.170Z,1936317,page_exit,1,standard,1,,,,,,,,,,,
S-2026-9131,2026-05-31T12:07:07.340Z,2331487,page_enter,1,standard,1,,,,,,,,,,,
S-2026-9131,2026-05-31T12:18:03.672Z,2987819,page_exit,1,standard,1,,,,,,,,,,,
S-2026-9131,2026-05-31T12:18:04.130Z,2988277,page_enter,1,standard,1,,,,,,,,,,,
S-2026-9131,2026-05-31T12:31:37.910Z,3802057,page_exit,1,standard,1,,,,,,,,,,,
S-2026-9131,2026-05-31T12:31:38.375Z,3802522,page_enter,1,standard,1,,,,,,,,,,,
S-2026-9131,2026-05-31T12:44:35.718Z,4579865,page_exit,1,standard,1,,,,,,,,,,,
S-2026-9131,2026-05-31T12:44:36.226Z,4580373,page_enter,1,standard,1,,,,,,,,,,,
S-2026-9131,2026-05-31T13:15:19.096Z,6423243,page_exit,1,standard,1,,,,,,,,,,,
S-2026-9131,2026-05-31T13:15:19.629Z,6423776,page_enter,1,standard,1,,,,,,,,,,,
S-2026-9131,2026-05-31T13:16:46.215Z,6510362,page_exit,1,standard,1,,,,,,,,,,,
S-2026-9131,2026-05-31T13:16:46.530Z,6510677,product_view,1,standard,1,"Foam Roller Pro",,,,,,,,,,
S-2026-9131,2026-05-31T13:16:46.533Z,6510680,page_enter,1,standard,1,,,,,,,,,,,
S-2026-9131,2026-05-31T13:16:55.038Z,6519185,page_exit,1,standard,1,,,,,,,,,,,
S-2026-9131,2026-05-31T13:16:55.149Z,6519296,page_enter,1,standard,1,,,,,,,,,,,
S-2026-9131,2026-05-31T13:17:02.387Z,6526534,page_exit,1,standard,1,,,,,,,,,,,
S-2026-9131,2026-05-31T13:17:02.422Z,6526569,page_enter,1,standard,1,,,,,,,,,,,
S-2026-9131,2026-05-31T13:17:02.424Z,6526571,product_view,1,standard,1,"Wireless Earbuds Pro",,,,,,,,,,
S-2026-9131,2026-05-31T13:17:04.042Z,6528189,button_click,1,standard,1,buy_now,1304,685,1615,1,,,,,,
S-2026-9131,2026-05-31T13:17:04.051Z,6528198,task_complete,1,standard,1,buy_now,1304,685,1615,1,,,,,,1
S-2026-9131,2026-05-31T13:17:04.059Z,6528206,page_exit,1,standard,1,,,,,,,,,,,
S-2026-9131,2026-05-31T13:17:11.261Z,6535408,page_enter,2,,,,,,,,,,,,,
S-2026-9131,2026-05-31T13:17:11.355Z,6535502,task_start,2,,,,,,,,,,,,,
S-2026-9131,2026-05-31T13:17:11.356Z,6535503,page_enter,2,,,,,,,,,,,,,
S-2026-9131,2026-05-31T13:18:18.269Z,6602416,page_exit,2,,,,,,,,,,,,,
S-2026-9131,2026-05-31T13:18:18.357Z,6602504,task_start,2,,,,,,,,,,,,,
S-2026-9131,2026-05-31T13:18:18.358Z,6602504,page_enter,2,,,,,,,,,,,,,
S-2026-9131,2026-05-31T13:20:12.244Z,6716391,page_exit,2,,,,,,,,,,,,,
S-2026-9131,2026-05-31T13:20:12.377Z,6716524,task_start,2,,,,,,,,,,,,,
S-2026-9131,2026-05-31T13:20:12.385Z,6716531,page_enter,2,,,,,,,,,,,,,
S-2026-9131,2026-05-31T13:21:15.038Z,6779185,page_exit,2,,,,,,,,,,,,,
S-2026-9131,2026-05-31T13:21:15.403Z,6779549,task_start,2,,,,,,,,,,,,,
S-2026-9131,2026-05-31T13:21:15.405Z,6779552,page_enter,2,,,,,,,,,,,,,
S-2026-9131,2026-05-31T13:26:46.139Z,7110286,page_exit,2,,,,,,,,,,,,,
S-2026-9131,2026-05-31T13:26:46.536Z,7110683,task_start,2,,,,,,,,,,,,,
S-2026-9131,2026-05-31T13:26:46.538Z,7110685,page_enter,2,,,,,,,,,,,,,
S-2026-9131,2026-05-31T13:26:54.864Z,7119011,distraction_click,2,,,"Resistance Bands Set",1520,473,,,,,,,,
S-2026-9131,2026-05-31T13:26:54.867Z,7119013,page_exit,2,,,,,,,,,,,,,
S-2026-9805,2026-06-02T09:33:04.565Z,1,session_start,0,,,,,,,,,,,,,
S-2026-9805,2026-06-02T09:33:05.783Z,1220,page_enter,1,,,,,,,,,,,,,
S-2026-9805,2026-06-02T09:33:05.905Z,1341,task_start,1,standard,1,,,,,,,,,,,
S-2026-9805,2026-06-02T09:33:05.910Z,1346,page_enter,1,standard,1,,,,,,,,,,,
S-2026-9805,2026-06-02T09:33:32.904Z,28341,page_exit,1,standard,1,,,,,,,,,,,
S-2026-6692,2026-06-02T09:33:38.753Z,0,session_start,0,,,,,,,,,,,,,
S-2026-6692,2026-06-02T09:33:39.502Z,749,page_enter,1,,,,,,,,,,,,,
S-2026-6692,2026-06-02T09:33:39.580Z,827,task_start,1,standard,1,,,,,,,,,,,
S-2026-6692,2026-06-02T09:33:39.582Z,829,page_enter,1,standard,1,,,,,,,,,,,
S-2026-6692,2026-06-02T09:36:10.610Z,151857,page_exit,1,standard,1,,,,,,,,,,,
S-2026-6692,2026-06-02T09:36:10.763Z,152010,page_enter,1,standard,1,,,,,,,,,,,
S-2026-6692,2026-06-02T09:36:12.128Z,153375,page_exit,1,standard,1,,,,,,,,,,,
S-2026-6692,2026-06-02T09:36:12.236Z,153483,page_enter,1,standard,1,,,,,,,,,,,
S-2026-6692,2026-06-02T09:37:50.809Z,252056,page_exit,1,standard,1,,,,,,,,,,,
S-2026-6692,2026-06-02T09:37:50.942Z,252189,page_enter,1,standard,1,,,,,,,,,,,
S-2026-6692,2026-06-02T09:40:52.190Z,433437,page_exit,1,standard,1,,,,,,,,,,,
S-2026-6692,2026-06-02T09:40:52.330Z,433577,page_enter,1,standard,1,,,,,,,,,,,
S-2026-6692,2026-06-02T09:42:40.222Z,541469,page_exit,1,standard,1,,,,,,,,,,,
S-2026-6692,2026-06-02T11:12:10.524Z,5911771,page_enter,1,standard,1,,,,,,,,,,,
S-2026-6692,2026-06-02T11:29:48.542Z,6969789,page_exit,1,standard,1,,,,,,,,,,,
S-2026-6692,2026-06-02T11:29:48.690Z,6969937,product_view,1,standard,1,"Portable Phone Stand",,,,,,,,,,
S-2026-6692,2026-06-02T11:29:48.691Z,6969938,page_enter,1,standard,1,,,,,,,,,,,
S-2026-6692,2026-06-02T11:31:05.142Z,7046389,page_exit,1,standard,1,,,,,,,,,,,
S-2026-6692,2026-06-02T11:31:05.281Z,7046528,page_enter,1,standard,1,,,,,,,,,,,
S-2026-6692,2026-06-02T11:31:10.831Z,7052078,page_exit,1,standard,1,,,,,,,,,,,
S-2026-6692,2026-06-02T11:31:10.926Z,7052173,product_view,1,standard,1,"Wireless Earbuds Pro",,,,,,,,,,
S-2026-6692,2026-06-02T11:31:10.926Z,7052173,page_enter,1,standard,1,,,,,,,,,,,
S-2026-6692,2026-06-02T11:31:11.676Z,7052923,button_click,1,standard,1,add_to_cart,920,631,750,0,,,,,,
S-2026-6692,2026-06-02T11:31:11.682Z,7052929,task_complete,1,standard,1,add_to_cart,920,631,750,0,,,,,,1
S-2026-6692,2026-06-02T11:31:11.685Z,7052932,page_exit,1,standard,1,,,,,,,,,,,
S-2026-6692,2026-06-02T11:31:12.319Z,7053566,page_enter,2,,,,,,,,,,,,,
S-2026-6692,2026-06-02T11:31:12.417Z,7053664,task_start,2,,,,,,,,,,,,,
S-2026-6692,2026-06-02T11:31:12.417Z,7053664,page_enter,2,,,,,,,,,,,,,
S-2026-6692,2026-06-02T11:31:12.920Z,7054167,distraction_click,2,,,"Manual Coffee Grinder",831,526,,,,,,,,
S-2026-6692,2026-06-02T11:31:12.921Z,7054168,page_exit,2,,,,,,,,,,,,,
S-2026-6692,2026-06-02T11:31:13.626Z,7054873,page_enter,3,,,,,,,,,,,,,
S-2026-6692,2026-06-02T11:31:13.716Z,7054963,task_start,3,standard,2,,,,,,,,,,,
S-2026-6692,2026-06-02T11:31:13.717Z,7054964,page_enter,3,standard,2,,,,,,,,,,,
S-2026-6692,2026-06-02T11:31:19.537Z,7060784,page_exit,3,standard,2,,,,,,,,,,,
S-2026-6692,2026-06-02T11:31:19.631Z,7060878,product_view,3,standard,2,"Water Bottle",,,,,,,,,,
S-2026-6692,2026-06-02T11:31:19.632Z,7060878,page_enter,3,standard,2,,,,,,,,,,,
S-2026-6692,2026-06-02T11:31:20.190Z,7061437,button_click,3,standard,2,add_to_cart,1005,619,557,0,,,,,,
S-2026-6692,2026-06-02T11:31:20.193Z,7061440,task_complete,3,standard,2,add_to_cart,1005,619,557,0,,,,,,1
S-2026-6692,2026-06-02T11:31:20.197Z,7061444,page_exit,3,standard,2,,,,,,,,,,,
S-2026-6692,2026-06-02T11:31:21.374Z,7062621,page_enter,4,,,,,,,,,,,,,
S-2026-6692,2026-06-02T11:31:21.467Z,7062714,task_start,4,,,,,,,,,,,,,
S-2026-6692,2026-06-02T11:31:21.468Z,7062715,page_enter,4,,,,,,,,,,,,,
S-2026-6692,2026-06-02T11:31:22.761Z,7064008,distraction_click,4,,,"Manual Coffee Grinder",870,525,,,,,,,,
S-2026-6692,2026-06-02T11:31:22.763Z,7064010,page_exit,4,,,,,,,,,,,,,
S-2026-6692,2026-06-02T11:31:23.284Z,7064531,page_enter,5,,,,,,,,,,,,,
S-2026-6692,2026-06-02T11:31:23.384Z,7064631,task_start,5,modified,3,,,,,,,,,,,
S-2026-6692,2026-06-02T11:31:23.385Z,7064632,page_enter,5,modified,3,,,,,,,,,,,
S-2026-6692,2026-06-02T11:31:25.474Z,7066721,page_exit,5,modified,3,,,,,,,,,,,
S-2026-6692,2026-06-02T11:31:25.582Z,7066829,product_view,5,modified,3,"Portable Phone Stand",,,,,,,,,,
S-2026-6692,2026-06-02T11:31:25.583Z,7066830,page_enter,5,modified,3,,,,,,,,,,,
S-2026-6692,2026-06-02T11:47:06.151Z,8007398,page_exit,5,modified,3,,,,,,,,,,,
S-2026-6692,2026-06-02T11:47:06.340Z,8007587,page_enter,5,modified,3,,,,,,,,,,,
S-2026-6692,2026-06-02T11:47:09.381Z,8010628,page_exit,5,modified,3,,,,,,,,,,,
S-2026-6692,2026-06-02T11:47:09.472Z,8010719,product_view,5,modified,3,"Running Shoes X200",,,,,,,,,,
S-2026-6692,2026-06-02T11:47:09.473Z,8010720,page_enter,5,modified,3,,,,,,,,,,,
S-2026-6692,2026-06-02T11:47:10.716Z,8011963,button_click,5,modified,3,buy_now,220,595,1244,1,,,,,,
S-2026-6692,2026-06-02T11:47:10.718Z,8011965,task_complete,5,modified,3,buy_now,220,595,1244,1,,,,,,1
S-2026-6692,2026-06-02T11:47:10.721Z,8011968,page_exit,5,modified,3,,,,,,,,,,,
S-2026-6692,2026-06-02T11:47:11.396Z,8012643,page_enter,6,,,,,,,,,,,,,
S-2026-6692,2026-06-02T11:47:11.487Z,8012734,page_enter,6,,,,,,,,,,,,,
S-2026-6692,2026-06-02T11:47:15.130Z,8016377,survey_response,6,,,,,,,,Q9,"For quality control purposes, please select ""Never"" for this item. How often do you return purchased items to an online store?",5,1,0,
S-2026-6692,2026-06-02T11:47:15.130Z,8016377,survey_response,6,,,,,,,,D1,"Which of the following products was the cheapest in the online store you just browsed?",d,1,1,
S-2026-6692,2026-06-02T11:47:15.131Z,8016378,survey_response,6,,,,,,,,D2,"Approximately how many customer reviews did the most-reviewed product in the store have?",d,1,1,
S-2026-6692,2026-06-02T11:47:15.131Z,8016378,page_exit,6,,,,,,,,,,,,,
S-2026-6692,2026-06-02T11:47:15.904Z,8017151,page_enter,7,,,,,,,,,,,,,
S-2026-6692,2026-06-02T11:47:16.002Z,8017249,task_start,7,modified,4,,,,,,,,,,,
S-2026-6692,2026-06-02T11:47:16.003Z,8017250,page_enter,7,modified,4,,,,,,,,,,,
S-2026-6692,2026-06-02T11:47:16.436Z,8017683,page_exit,7,modified,4,,,,,,,,,,,
S-2026-6692,2026-06-02T11:47:16.531Z,8017778,product_view,7,modified,4,"Portable Phone Stand",,,,,,,,,,
S-2026-6692,2026-06-02T11:47:16.532Z,8017779,page_enter,7,modified,4,,,,,,,,,,,
S-2026-6692,2026-06-02T11:47:18.093Z,8019340,page_exit,7,modified,4,,,,,,,,,,,
S-2026-6692,2026-06-02T11:47:18.190Z,8019436,page_enter,7,modified,4,,,,,,,,,,,
S-2026-6692,2026-06-02T11:47:20.002Z,8021249,page_exit,7,modified,4,,,,,,,,,,,
S-2026-6692,2026-06-02T11:47:20.099Z,8021346,product_view,7,modified,4,"Bamboo Desk Organizer",,,,,,,,,,
S-2026-6692,2026-06-02T11:47:20.099Z,8021346,page_enter,7,modified,4,,,,,,,,,,,
S-2026-6692,2026-06-02T11:47:21.176Z,8022423,button_click,7,modified,4,buy_now,205,594,1077,1,,,,,,
S-2026-6692,2026-06-02T11:47:21.180Z,8022427,task_complete,7,modified,4,buy_now,205,594,1077,1,,,,,,1
S-2026-6692,2026-06-02T11:47:21.183Z,8022430,page_exit,7,modified,4,,,,,,,,,,,
S-2026-6692,2026-06-02T11:47:21.188Z,8022435,session_complete,8,,,,,,,,,,,,,1
S-2026-6692,2026-06-02T11:47:21.188Z,8022435,page_enter,8,,,,,,,,,,,,,
S-2026-6692,2026-06-02T11:47:21.295Z,8022542,page_enter,8,,,,,,,,,,,,,
S-2026-6692,2026-06-02T11:47:49.247Z,8050494,page_enter,8,,,,,,,,,,,,,
S-2026-7670,2026-06-02T11:49:03.919Z,0,session_start,0,,,,,,,,,,,,,
S-2026-7670,2026-06-02T11:49:04.511Z,592,page_enter,1,,,,,,,,,,,,,
S-2026-7670,2026-06-02T11:49:04.608Z,689,task_start,1,standard,1,,,,,,,,,,,
S-2026-7670,2026-06-02T11:49:04.612Z,693,page_enter,1,standard,1,,,,,,,,,,,
S-2026-7670,2026-06-02T11:49:05.238Z,1319,page_exit,1,standard,1,,,,,,,,,,,
S-2026-7670,2026-06-02T11:49:05.338Z,1419,product_view,1,standard,1,"Portable Phone Stand",,,,,,,,,,
S-2026-7670,2026-06-02T11:49:05.344Z,1425,page_enter,1,standard,1,,,,,,,,,,,
S-2026-7670,2026-06-02T11:49:07.322Z,3403,page_exit,1,standard,1,,,,,,,,,,,
S-2026-7670,2026-06-02T11:49:07.427Z,3508,page_enter,1,standard,1,,,,,,,,,,,
S-2026-7670,2026-06-02T11:49:09.410Z,5491,page_exit,1,standard,1,,,,,,,,,,,
S-2026-7670,2026-06-02T11:49:09.510Z,5591,product_view,1,standard,1,"Wireless Earbuds Pro",,,,,,,,,,
S-2026-7670,2026-06-02T11:49:09.511Z,5592,page_enter,1,standard,1,,,,,,,,,,,
S-2026-7670,2026-06-02T11:49:10.702Z,6783,button_click,1,standard,1,add_to_cart,208,667,1188,0,,,,,,
S-2026-7670,2026-06-02T11:49:10.705Z,6786,task_complete,1,standard,1,add_to_cart,208,667,1188,0,,,,,,1
S-2026-7670,2026-06-02T11:49:10.708Z,6789,page_exit,1,standard,1,,,,,,,,,,,
S-2026-7670,2026-06-02T11:49:11.344Z,7425,page_enter,2,,,,,,,,,,,,,
S-2026-7670,2026-06-02T11:49:11.454Z,7535,task_start,2,,,,,,,,,,,,,
S-2026-7670,2026-06-02T11:49:11.455Z,7536,page_enter,2,,,,,,,,,,,,,
S-2026-7670,2026-06-02T11:49:12.535Z,8615,distraction_click,2,,,"Yoga Mat Premium",262,506,,,,,,,,
S-2026-7670,2026-06-02T11:49:12.536Z,8617,page_exit,2,,,,,,,,,,,,,
S-2026-7670,2026-06-02T11:49:13.154Z,9234,page_enter,3,,,,,,,,,,,,,
S-2026-7670,2026-06-02T11:49:13.261Z,9342,task_start,3,standard,2,,,,,,,,,,,
S-2026-7670,2026-06-02T11:49:13.262Z,9343,page_enter,3,standard,2,,,,,,,,,,,
S-2026-7670,2026-06-02T11:49:13.752Z,9833,page_exit,3,standard,2,,,,,,,,,,,
S-2026-7670,2026-06-02T11:49:13.859Z,9939,product_view,3,standard,2,"Portable Phone Stand",,,,,,,,,,
S-2026-7670,2026-06-02T11:49:13.860Z,9941,page_enter,3,standard,2,,,,,,,,,,,
S-2026-7670,2026-06-02T11:49:15.250Z,11331,page_exit,3,standard,2,,,,,,,,,,,
S-2026-7670,2026-06-02T11:49:15.371Z,11452,page_enter,3,standard,2,,,,,,,,,,,
S-2026-7670,2026-06-02T11:49:16.312Z,12393,page_exit,3,standard,2,,,,,,,,,,,
S-2026-7670,2026-06-02T11:49:16.424Z,12505,product_view,3,standard,2,"Water Bottle",,,,,,,,,,
S-2026-7670,2026-06-02T11:49:16.426Z,12507,page_enter,3,standard,2,,,,,,,,,,,
S-2026-7670,2026-06-02T11:49:17.568Z,13649,button_click,3,standard,2,add_to_cart,180,739,1140,0,,,,,,
S-2026-7670,2026-06-02T11:49:17.574Z,13655,task_complete,3,standard,2,add_to_cart,180,739,1140,0,,,,,,1
S-2026-7670,2026-06-02T11:49:17.578Z,13659,page_exit,3,standard,2,,,,,,,,,,,
S-2026-7670,2026-06-02T11:49:18.401Z,14481,page_enter,4,,,,,,,,,,,,,
S-2026-7670,2026-06-02T11:49:18.524Z,14605,task_start,4,,,,,,,,,,,,,
S-2026-7670,2026-06-02T11:49:18.525Z,14606,page_enter,4,,,,,,,,,,,,,
S-2026-7670,2026-06-02T11:49:19.731Z,15811,distraction_click,4,,,"Portable Phone Stand",135,418,,,,,,,,
S-2026-7670,2026-06-02T11:49:19.731Z,15812,page_exit,4,,,,,,,,,,,,,
S-2026-7670,2026-06-02T11:49:20.427Z,16508,page_enter,5,,,,,,,,,,,,,
S-2026-7670,2026-06-02T11:49:20.553Z,16634,task_start,5,modified,3,,,,,,,,,,,
S-2026-7670,2026-06-02T11:49:20.554Z,16635,page_enter,5,modified,3,,,,,,,,,,,
S-2026-7670,2026-06-02T11:49:24.906Z,20987,page_exit,5,modified,3,,,,,,,,,,,
S-2026-7670,2026-06-02T11:49:25.001Z,21081,product_view,5,modified,3,"Running Shoes X200",,,,,,,,,,
S-2026-7670,2026-06-02T11:49:25.001Z,21082,page_enter,5,modified,3,,,,,,,,,,,
S-2026-7670,2026-06-02T11:49:25.902Z,21983,button_click,5,modified,3,buy_now,238,658,898,1,,,,,,
S-2026-7670,2026-06-02T11:49:25.908Z,21989,task_complete,5,modified,3,buy_now,238,658,898,1,,,,,,1
S-2026-7670,2026-06-02T11:49:25.914Z,21995,page_exit,5,modified,3,,,,,,,,,,,
S-2026-7670,2026-06-02T11:49:26.890Z,22970,page_enter,6,,,,,,,,,,,,,
S-2026-7670,2026-06-02T11:49:26.996Z,23077,page_enter,6,,,,,,,,,,,,,
S-2026-7670,2026-06-02T11:49:30.037Z,26118,survey_response,6,,,,,,,,Q9,"For quality control purposes, please select ""Never"" for this item. How often do you return purchased items to an online store?",5,1,0,
S-2026-7670,2026-06-02T11:49:30.037Z,26118,survey_response,6,,,,,,,,D1,"Which of the following products was the cheapest in the online store you just browsed?",a,1,0,
S-2026-7670,2026-06-02T11:49:30.037Z,26118,survey_response,6,,,,,,,,D2,"Approximately how many customer reviews did the most-reviewed product in the store have?",d,1,1,
S-2026-7670,2026-06-02T11:49:30.037Z,26118,page_exit,6,,,,,,,,,,,,,
S-2026-7670,2026-06-02T11:49:30.802Z,26883,page_enter,7,,,,,,,,,,,,,
S-2026-7670,2026-06-02T11:49:30.904Z,26985,task_start,7,modified,4,,,,,,,,,,,
S-2026-7670,2026-06-02T11:49:30.907Z,26988,page_enter,7,modified,4,,,,,,,,,,,
S-2026-7670,2026-06-02T11:49:33.196Z,29277,page_exit,7,modified,4,,,,,,,,,,,
S-2026-7670,2026-06-02T11:49:33.293Z,29374,product_view,7,modified,4,"Bamboo Desk Organizer",,,,,,,,,,
S-2026-7670,2026-06-02T11:49:33.293Z,29374,page_enter,7,modified,4,,,,,,,,,,,
S-2026-7670,2026-06-02T11:49:34.352Z,30433,button_click,7,modified,4,buy_now,164,602,1056,1,,,,,,
S-2026-7670,2026-06-02T11:49:34.358Z,30439,task_complete,7,modified,4,buy_now,164,602,1056,1,,,,,,1
S-2026-7670,2026-06-02T11:49:34.362Z,30443,page_exit,7,modified,4,,,,,,,,,,,
S-2026-7670,2026-06-02T11:49:34.368Z,30448,session_complete,8,,,,,,,,,,,,,1
S-2026-7670,2026-06-02T11:49:34.368Z,30449,page_enter,8,,,,,,,,,,,,,
S-2026-7670,2026-06-02T11:49:34.464Z,30545,page_enter,8,,,,,,,,,,,,,
S-2026-8495,2026-06-02T11:58:11.941Z,1,session_start,0,,,,,,,,,,,,,
S-2026-8495,2026-06-02T11:58:12.901Z,961,page_enter,1,,,,,,,,,,,,,
S-2026-8495,2026-06-02T11:58:13.002Z,1061,task_start,1,standard,1,,,,,,,,,,,
S-2026-8495,2026-06-02T11:58:13.003Z,1063,page_enter,1,standard,1,,,,,,,,,,,
S-2026-8495,2026-06-02T11:58:17.674Z,5733,page_exit,1,standard,1,,,,,,,,,,,
S-2026-9439,2026-06-11T13:06:08.671Z,0,session_start,0,,,,,,,,,,,,,
S-2026-9439,2026-06-11T13:06:10.160Z,1489,page_enter,1,,,,,,,,,,,,,
S-2026-9439,2026-06-11T13:06:10.283Z,1612,task_start,1,standard,1,,,,,,,,,,,
S-2026-9439,2026-06-11T13:06:10.284Z,1613,page_enter,1,standard,1,,,,,,,,,,,
S-2026-9439,2026-06-11T13:06:21.276Z,12605,page_exit,1,standard,1,,,,,,,,,,,
S-2026-9439,2026-06-11T13:06:21.311Z,12640,product_view,1,standard,1,"Wireless Earbuds Pro",,,,,,,,,,
S-2026-9439,2026-06-11T13:06:21.311Z,12640,page_enter,1,standard,1,,,,,,,,,,,
S-2026-9439,2026-06-11T13:06:24.514Z,15844,button_click,1,standard,1,add_to_cart,1056,422,3199,0,,,,,,
S-2026-9439,2026-06-11T13:06:24.521Z,15851,task_complete,1,standard,1,add_to_cart,1056,422,3199,0,,,,,,1
S-2026-9439,2026-06-11T13:06:24.527Z,15857,page_exit,1,standard,1,,,,,,,,,,,
S-2026-9439,2026-06-11T13:06:25.281Z,16610,page_enter,2,,,,,,,,,,,,,
S-2026-9439,2026-06-11T13:06:25.375Z,16704,task_start,2,,,,,,,,,,,,,
S-2026-9439,2026-06-11T13:06:25.377Z,16706,page_enter,2,,,,,,,,,,,,,
S-2026-9439,2026-06-11T13:06:41.494Z,32823,distraction_click,2,,,"Portable Phone Stand",331,432,,,,,,,,
S-2026-9439,2026-06-11T13:06:41.495Z,32824,page_exit,2,,,,,,,,,,,,,
S-2026-9439,2026-06-11T13:06:42.573Z,33902,page_enter,3,,,,,,,,,,,,,
S-2026-9439,2026-06-11T13:06:42.656Z,33985,task_start,3,standard,2,,,,,,,,,,,
S-2026-9439,2026-06-11T13:06:42.657Z,33986,page_enter,3,standard,2,,,,,,,,,,,
S-2026-9439,2026-06-11T13:06:46.319Z,37648,page_exit,3,standard,2,,,,,,,,,,,
S-2026-9439,2026-06-11T13:06:46.347Z,37677,page_enter,3,standard,2,,,,,,,,,,,
S-2026-9439,2026-06-11T13:06:46.348Z,37677,product_view,3,standard,2,"Water Bottle",,,,,,,,,,
S-2026-9439,2026-06-11T13:06:51.561Z,42890,button_click,3,standard,2,add_to_cart,1057,517,5213,0,,,,,,
S-2026-9439,2026-06-11T13:06:51.565Z,42894,task_complete,3,standard,2,add_to_cart,1057,517,5213,0,,,,,,1
S-2026-9439,2026-06-11T13:06:51.571Z,42900,page_exit,3,standard,2,,,,,,,,,,,
S-2026-9439,2026-06-11T13:06:53.802Z,45131,page_enter,4,,,,,,,,,,,,,
S-2026-9439,2026-06-11T13:06:53.889Z,45218,task_start,4,,,,,,,,,,,,,
S-2026-9439,2026-06-11T13:06:53.889Z,45219,page_enter,4,,,,,,,,,,,,,
S-2026-9439,2026-06-11T13:07:01.017Z,52347,distraction_click,4,,,"Portable Phone Stand",308,351,,,,,,,,
S-2026-9439,2026-06-11T13:07:01.019Z,52348,page_exit,4,,,,,,,,,,,,,
S-2026-9439,2026-06-11T13:07:16.412Z,67741,page_enter,5,,,,,,,,,,,,,
S-2026-9439,2026-06-11T13:07:16.498Z,67828,task_start,5,modified,3,,,,,,,,,,,
S-2026-9439,2026-06-11T13:07:16.499Z,67829,page_enter,5,modified,3,,,,,,,,,,,
S-2026-9439,2026-06-11T13:07:21.060Z,72389,page_exit,5,modified,3,,,,,,,,,,,
S-2026-9439,2026-06-11T13:07:21.094Z,72423,page_enter,5,modified,3,,,,,,,,,,,
S-2026-9439,2026-06-11T13:07:21.094Z,72423,product_view,5,modified,3,"Running Shoes X200",,,,,,,,,,
S-2026-9439,2026-06-11T13:07:57.722Z,109051,button_click,5,modified,3,buy_now,1050,432,36625,1,,,,,,
S-2026-9439,2026-06-11T13:07:57.726Z,109055,task_complete,5,modified,3,buy_now,1050,432,36625,1,,,,,,1
S-2026-9439,2026-06-11T13:07:57.730Z,109059,page_exit,5,modified,3,,,,,,,,,,,
S-2026-9439,2026-06-11T13:08:00.163Z,111492,page_enter,6,,,,,,,,,,,,,
S-2026-9439,2026-06-11T13:08:00.188Z,111517,page_enter,6,,,,,,,,,,,,,
S-2026-9439,2026-06-11T13:08:59.294Z,170623,survey_response,6,,,,,,,,Q9,"For quality control purposes, please select ""Never"" for this item. How often do you return purchased items to an online store?",1,1,1,
S-2026-9439,2026-06-11T13:08:59.295Z,170624,survey_response,6,,,,,,,,D1,"Which of the following products was the cheapest in the online store you just browsed?",d,1,1,
S-2026-9439,2026-06-11T13:08:59.295Z,170624,survey_response,6,,,,,,,,D2,"Approximately how many customer reviews did the most-reviewed product in the store have?",d,1,1,
S-2026-9439,2026-06-11T13:08:59.295Z,170624,page_exit,6,,,,,,,,,,,,,
S-2026-9439,2026-06-11T13:09:00.183Z,171513,page_enter,7,,,,,,,,,,,,,
S-2026-9439,2026-06-11T13:09:00.272Z,171601,task_start,7,modified,4,,,,,,,,,,,
S-2026-9439,2026-06-11T13:09:00.275Z,171604,page_enter,7,modified,4,,,,,,,,,,,
S-2026-9439,2026-06-11T13:09:04.500Z,175829,page_exit,7,modified,4,,,,,,,,,,,
S-2026-9439,2026-06-11T13:09:04.537Z,175866,page_enter,7,modified,4,,,,,,,,,,,
S-2026-9439,2026-06-11T13:09:04.538Z,175867,product_view,7,modified,4,"Bamboo Desk Organizer",,,,,,,,,,
S-2026-9439,2026-06-11T13:09:05.302Z,176631,button_click,7,modified,4,buy_now,960,634,755,1,,,,,,
S-2026-9439,2026-06-11T13:09:05.311Z,176640,task_complete,7,modified,4,buy_now,960,634,755,1,,,,,,1
S-2026-9439,2026-06-11T13:09:05.319Z,176648,page_exit,7,modified,4,,,,,,,,,,,
S-2026-9439,2026-06-11T13:09:05.338Z,176667,session_complete,8,,,,,,,,,,,,,1
S-2026-9439,2026-06-11T13:09:05.338Z,176667,page_enter,8,,,,,,,,,,,,,
S-2026-9439,2026-06-11T13:09:05.367Z,176696,page_enter,8,,,,,,,,,,,,,
